{"recall": 0.8878880097382836, "_timestamp": 1669499369.275684, "_runtime": 8.471989154815674, "_step": 0, "_wandb": {"runtime": 14}}