{"recall": 0.8574558734023128, "_timestamp": 1669483292.468529, "_runtime": 6.712701082229614, "_step": 0, "_wandb": {"runtime": 11}}