{"recall": 0.8858170676468212, "_timestamp": 1669466715.527133, "_runtime": 22.999670028686523, "_step": 0, "_wandb": {"runtime": 22}}