{"recall": 0.0, "_timestamp": 1669498169.573343, "_runtime": 6.338329076766968, "_step": 0, "_wandb": {"runtime": 12}}