{"recall": 0.0, "_timestamp": 1669499175.456361, "_runtime": 8.39798903465271, "_step": 0, "_wandb": {"runtime": 13}}