{"recall": 0.8576993304930006, "_timestamp": 1669499214.538367, "_runtime": 19.632457971572876, "_step": 0, "_wandb": {"runtime": 18}}