{"recall": 0.8665855143031042, "_timestamp": 1669485722.472318, "_runtime": 7.9110119342803955, "_step": 0, "_wandb": {"runtime": 11}}