{"recall": 0.0, "_timestamp": 1669483265.4221609, "_runtime": 6.351916790008545, "_step": 0, "_wandb": {"runtime": 12}}