{"recall": 0.0, "_timestamp": 1669499260.126176, "_runtime": 6.639066219329834, "_step": 0, "_wandb": {"runtime": 13}}