{"recall": 0.0, "_timestamp": 1669498022.850035, "_runtime": 6.284960031509399, "_step": 0, "_wandb": {"runtime": 12}}