{"recall": 0.870967741935484, "_timestamp": 1669499287.7991638, "_runtime": 7.769537925720215, "_step": 0, "_wandb": {"runtime": 13}}