{"recall": 0.0, "_timestamp": 1669483238.8661408, "_runtime": 6.409507751464844, "_step": 0, "_wandb": {"runtime": 12}}