{"recall": 0.8587948874010956, "_timestamp": 1669499345.994998, "_runtime": 12.33573293685913, "_step": 0, "_wandb": {"runtime": 13}}