{"recall": 0.0, "_timestamp": 1669498082.1661718, "_runtime": 6.2962257862091064, "_step": 0, "_wandb": {"runtime": 12}}