{"recall": 0.8574558734023128, "_timestamp": 1669483406.214494, "_runtime": 12.674664974212646, "_step": 0, "_wandb": {"runtime": 12}}