{"recall": 0.8592818015824711, "_timestamp": 1669483212.396248, "_runtime": 7.472411155700684, "_step": 0, "_wandb": {"runtime": 13}}