{"loss": 0.8876445526475958, "_timestamp": 1669378303.427058, "_runtime": 1929.1382610797882, "_step": 0}