{"recall": 0.9179375388741814, "params": {"n_neighbors": 38, "weights": "distance", "algorithm": "ball_tree", "p": 2}, "_timestamp": 1669402625.9937332, "_runtime": 19.675454139709473, "_step": 2, "_wandb": {"runtime": 22}}