{"recall": 0.0, "_timestamp": 1669485871.9740028, "_runtime": 6.370460748672485, "_step": 0, "_wandb": {"runtime": 11}}