{"recall": 1.0, "accuracy": 0.17038266099761484, "_timestamp": 1669400053.2283552, "_runtime": 63.663920164108276, "_step": 1928}