{"recall": 0.8580645161290322, "_timestamp": 1669483319.517602, "_runtime": 6.843199968338013, "_step": 0, "_wandb": {"runtime": 12}}