{"recall": 0.9108860310934144, "_timestamp": 1669466623.1178932, "_runtime": 6.582736253738403, "_step": 0, "_wandb": {"runtime": 12}}