{"recall": 0.8580645161290322, "_timestamp": 1669483461.6806242, "_runtime": 9.266961336135864, "_step": 0, "_wandb": {"runtime": 12}}