{"recall": 0.8770541692026781, "_timestamp": 1669466741.116019, "_runtime": 7.031253099441528, "_step": 0, "_wandb": {"runtime": 13}}