{"recall": 0.8574558734023128, "_timestamp": 1669485704.3479521, "_runtime": 17.012832164764404, "_step": 0, "_wandb": {"runtime": 15}}