{"recall": 0.8580645161290322, "_timestamp": 1669499315.576077, "_runtime": 8.642499923706055, "_step": 0, "_wandb": {"runtime": 13}}