{"recall": 0.8574558734023128, "_timestamp": 1669499234.31473, "_runtime": 7.726737022399902, "_step": 0, "_wandb": {"runtime": 13}}