{"recall": 0.8581862446743761, "_timestamp": 1669485650.315108, "_runtime": 12.132536172866821, "_step": 0, "_wandb": {"runtime": 12}}