{"recall": 0.8660986001217286, "_timestamp": 1669485768.36499, "_runtime": 9.77039098739624, "_step": 0, "_wandb": {"runtime": 11}}