{"recall": 0.8590383444917833, "_timestamp": 1669483347.181264, "_runtime": 7.304314851760864, "_step": 0, "_wandb": {"runtime": 12}}