{"recall": 0.8846012648796837, "_timestamp": 1669485672.745737, "_runtime": 7.484974145889282, "_step": 0, "_wandb": {"runtime": 11}}