{"recall": 0.8442924361499677, "_timestamp": 1669466650.349598, "_runtime": 6.907631874084473, "_step": 0, "_wandb": {"runtime": 11}}