{"recall": 0.0, "_timestamp": 1669499421.001749, "_runtime": 6.341623067855835, "_step": 0, "_wandb": {"runtime": 12}}