{"recall": 0.9085730404632505, "_timestamp": 1669466673.096956, "_runtime": 6.409398078918457, "_step": 0, "_wandb": {"runtime": 12}}