{"recall": 0.8646378575776019, "_timestamp": 1669485842.959739, "_runtime": 7.870635032653809, "_step": 0, "_wandb": {"runtime": 11}}