{"recall": 0.0, "_timestamp": 1669483372.8787131, "_runtime": 6.378352165222168, "_step": 0, "_wandb": {"runtime": 12}}