{"recall": 0.8715763846622032, "_timestamp": 1669485744.3810701, "_runtime": 8.110517024993896, "_step": 0, "_wandb": {"runtime": 11}}