{"recall": 1.0, "accuracy": 0.17038266099761484, "_timestamp": 1669399956.440377, "_runtime": 75.24842596054077, "_step": 1928, "_wandb": {"runtime": 74}}