{"recall": 0.8723067559342667, "_timestamp": 1669485820.599179, "_runtime": 8.118161916732788, "_step": 0, "_wandb": {"runtime": 11}}