{"recall": 0.8581862446743761, "_timestamp": 1669483426.898952, "_runtime": 6.60570502281189, "_step": 0, "_wandb": {"runtime": 12}}