{"recall": 0.8574558734023128, "_timestamp": 1669485799.617593, "_runtime": 10.504101037979126, "_step": 0, "_wandb": {"runtime": 11}}