{"recall": 0.0, "_timestamp": 1669499394.5360231, "_runtime": 6.357354164123535, "_step": 0, "_wandb": {"runtime": 13}}